﻿<?xml version="1.0" encoding="utf-8"?>
<Package xmlns="http://schemas.microsoft.com/appx/manifest/foundation/windows10" xmlns:mp="http://schemas.microsoft.com/appx/2014/phone/manifest" xmlns:uap="http://schemas.microsoft.com/appx/manifest/uap/windows10" IgnorableNamespaces="uap mp build" xmlns:build="http://schemas.microsoft.com/developer/appx/2015/build">
  <!--
    이 패키지 매니페스트 파일은 빌드 프로세스에 의해 생성됩니다.

    이 파일을 다시 생성하면 변경 내용이 손실됩니다. 이 파일의 오류를 수정하려면 소스 .appxmanifest 파일을 편집하십시오.

    패키지 매니페스트 파일에 대한 자세한 내용은 http://go.microsoft.com/fwlink/?LinkID=241727을 참조하십시오.
  -->
  <Identity Name="362a5a62-3d27-41c9-b0cd-769ce973da14" Publisher="CN=Administrator" Version="1.0.0.0" ProcessorArchitecture="arm" />
  <mp:PhoneIdentity PhoneProductId="362a5a62-3d27-41c9-b0cd-769ce973da14" PhonePublisherId="00000000-0000-0000-0000-000000000000" />
  <Properties>
    <DisplayName>final_opencv_cpp</DisplayName>
    <PublisherDisplayName>Administrator</PublisherDisplayName>
    <Logo>Assets\StoreLogo.png</Logo>
  </Properties>
  <Dependencies>
    <TargetDeviceFamily Name="Windows.Universal" MinVersion="10.0.10240.0" MaxVersionTested="10.0.14393.0" />
    <PackageDependency Name="Microsoft.VCLibs.140.00.Debug" MinVersion="14.0.24210.0" Publisher="CN=Microsoft Corporation, O=Microsoft Corporation, L=Redmond, S=Washington, C=US" />
  </Dependencies>
  <Resources>
    <Resource Language="KO-KR" />
  </Resources>
  <Applications>
    <Application Id="App" Executable="final_opencv_cpp.exe" EntryPoint="final_opencv_cpp.App">
      <uap:VisualElements DisplayName="final_opencv_cpp" Square150x150Logo="Assets\Square150x150Logo.png" Square44x44Logo="Assets\Square44x44Logo.png" Description="final_opencv_cpp" BackgroundColor="transparent">
        <uap:DefaultTile Wide310x150Logo="Assets\Wide310x150Logo.png"></uap:DefaultTile>
        <uap:SplashScreen Image="Assets\SplashScreen.png" />
      </uap:VisualElements>
    </Application>
  </Applications>
  <Capabilities>
    <Capability Name="internetClient" />
    <uap:Capability Name="videosLibrary" />
    <uap:Capability Name="picturesLibrary" />
    <uap:Capability Name="removableStorage" />
    <DeviceCapability Name="webcam" />
  </Capabilities>
  <build:Metadata>
    <build:Item Name="cl.exe" Version="19.00.24210.0 built by: VCTOOLSREL" />
    <build:Item Name="VisualStudio" Version="14.0" />
    <build:Item Name="VisualStudioEdition" Value="Microsoft Visual Studio Community 2015" />
    <build:Item Name="OperatingSystem" Version="10.0.14393.0 (rs1_release.160715-1616)" />
    <build:Item Name="Microsoft.Build.AppxPackage.dll" Version="14.0.25424.0" />
    <build:Item Name="ProjectGUID" Value="{65cdd9ff-5d39-4403-8765-5e0ff03322bc}" />
    <build:Item Name="OptimizingToolset" Value="None" />
    <build:Item Name="TargetRuntime" Value="Native" />
    <build:Item Name="Microsoft.Windows.UI.Xaml.Build.Tasks.dll" Version="14.0.25527.1" />
    <build:Item Name="WindowsIoT" Version="10.0.14393.0" />
    <build:Item Name="MakePri.exe" Version="10.0.14393.33 (rs1_release_sec.160727-1952)" />
  </build:Metadata>
</Package>